/*!40101 SET @OLD_CHARACTER_SET_CLIENT=@@CHARACTER_SET_CLIENT */;
/*!40101 SET @OLD_CHARACTER_SET_RESULTS=@@CHARACTER_SET_RESULTS */;
/*!40101 SET @OLD_COLLATION_CONNECTION=@@COLLATION_CONNECTION */;
/*!40101 SET NAMES utf8 */;
SET NAMES utf8mb4;
/*!40014 SET @OLD_FOREIGN_KEY_CHECKS=@@FOREIGN_KEY_CHECKS, FOREIGN_KEY_CHECKS=0 */;
/*!40101 SET @OLD_SQL_MODE=@@SQL_MODE, SQL_MODE='NO_AUTO_VALUE_ON_ZERO' */;
/*!40111 SET @OLD_SQL_NOTES=@@SQL_NOTES, SQL_NOTES=0 */;


CREATE DATABASE `p2p_bank_depository` CHARACTER SET 'utf8' COLLATE 'utf8_general_ci';

Use p2p_bank_depository;

# Dump of table balance_details
# ------------------------------------------------------------

DROP TABLE IF EXISTS `balance_details`;

CREATE TABLE `balance_details` (
  `ID` bigint(20) NOT NULL AUTO_INCREMENT COMMENT '主键',
  `USER_NO` varchar(50) DEFAULT NULL COMMENT '用户编码,生成唯一,用户在存管系统标识',
  `CHANGE_TYPE` tinyint(4) DEFAULT NULL COMMENT '账户变动类型.1.增加.2.减少.3.冻结.4解冻',
  `AMOUNT` decimal(10,2) DEFAULT NULL COMMENT '变动金额',
  `FREEZE_AMOUNT` decimal(10,2) DEFAULT NULL COMMENT '冻结金额',
  `BALANCE` decimal(10,2) DEFAULT NULL COMMENT '可用余额',
  `APP_CODE` varchar(50) DEFAULT NULL COMMENT '应用编码',
  `CREATE_DATE` datetime DEFAULT NULL COMMENT '账户变动时间',
  `REQUEST_CONTENT` text CHARACTER SET utf8 COLLATE utf8_general_ci COMMENT '引起余额变动的冗余业务信息',
  PRIMARY KEY (`ID`)
) ENGINE=InnoDB DEFAULT CHARSET=utf8 COMMENT='用户余额明细表';



# Dump of table bank_card
# ------------------------------------------------------------

DROP TABLE IF EXISTS `bank_card`;

CREATE TABLE `bank_card` (
  `ID` bigint(20) NOT NULL AUTO_INCREMENT COMMENT '主键',
  `USER_ID` bigint(20) DEFAULT NULL COMMENT '用户标识',
  `BANK_CODE` varchar(50) NOT NULL COMMENT '银行编码',
  `BANK_NAME` varchar(50) DEFAULT NULL COMMENT '银行名称',
  `CARD_NUMBER` varchar(50) DEFAULT NULL COMMENT '银行卡号',
  `PASSWORD` varchar(50) DEFAULT NULL COMMENT '银行卡密码',
  PRIMARY KEY (`ID`)
) ENGINE=InnoDB DEFAULT CHARSET=utf8 COMMENT='银行用户银行卡信息';



# Dump of table bank_card_details
# ------------------------------------------------------------

DROP TABLE IF EXISTS `bank_card_details`;

CREATE TABLE `bank_card_details` (
  `ID` bigint(20) NOT NULL AUTO_INCREMENT COMMENT '主键',
  `BANK_CARD_ID` bigint(20) NOT NULL COMMENT '银行卡ID',
  `CHANGE_TYPE` tinyint(4) DEFAULT NULL COMMENT '账户变动类型',
  `MONEY` decimal(10,2) DEFAULT NULL COMMENT '变动金额',
  `BALANCE` decimal(10,2) DEFAULT NULL COMMENT '当前余额',
  `CREATE_DATE` datetime DEFAULT NULL COMMENT '账户变动时间',
  PRIMARY KEY (`ID`)
) ENGINE=InnoDB DEFAULT CHARSET=utf8 COMMENT='银行卡明细';



# Dump of table bank_user
# ------------------------------------------------------------

DROP TABLE IF EXISTS `bank_user`;

CREATE TABLE `bank_user` (
  `ID` bigint(20) NOT NULL AUTO_INCREMENT COMMENT '主键',
  `FULLNAME` varchar(50) NOT NULL COMMENT '真实姓名',
  `ID_NUMBER` varchar(50) DEFAULT NULL COMMENT '身份证号',
  `MOBILE` varchar(50) DEFAULT NULL COMMENT '银行预留手机号',
  `USER_TYPE` tinyint(4) DEFAULT NULL COMMENT '用户类型,个人1or企业0，预留',
  PRIMARY KEY (`ID`)
) ENGINE=InnoDB DEFAULT CHARSET=utf8 COMMENT='银行用户信息表';



# Dump of table claim
# ------------------------------------------------------------

DROP TABLE IF EXISTS `claim`;

CREATE TABLE `claim` (
  `ID` bigint(20) NOT NULL COMMENT '主键',
  `PROJECT_ID` bigint(20) DEFAULT NULL COMMENT '标的标识',
  `PROJECT_NO` varchar(50) DEFAULT NULL COMMENT '标的编码',
  `CONSUMER_ID` bigint(20) NOT NULL COMMENT '发标人用户标识(冗余)',
  `SOURCE_TENDER_ID` bigint(20) NOT NULL COMMENT '投标信息标识(转让来源)',
  `ROOT_PROJECT_ID` bigint(20) DEFAULT NULL COMMENT '原始标的标识(冗余)',
  `ROOT_PROJECT_NO` varchar(50) DEFAULT NULL COMMENT '原始标的编码(冗余)',
  `ASSIGNMENT_REQUEST_NO` varchar(50) DEFAULT NULL COMMENT '债权转让 请求流水号',
  PRIMARY KEY (`ID`),
  KEY `FK_Reference_17` (`PROJECT_ID`)
) ENGINE=InnoDB DEFAULT CHARSET=utf8 COMMENT='债权转让标的附加信息';



# Dump of table depository_bank_card
# ------------------------------------------------------------

DROP TABLE IF EXISTS `depository_bank_card`;

CREATE TABLE `depository_bank_card` (
  `ID` bigint(20) NOT NULL AUTO_INCREMENT COMMENT '主键',
  `USER_ID` bigint(20) DEFAULT NULL COMMENT '用户标识',
  `BANK_CODE` varchar(50) NOT NULL COMMENT '银行编码',
  `BANK_NAME` varchar(50) DEFAULT NULL COMMENT '银行名称',
  `CARD_NUMBER` varchar(50) DEFAULT NULL COMMENT '银行卡号',
  `MOBILE` varchar(50) DEFAULT NULL COMMENT '银行预留手机号',
  `APP_CODE` varchar(50) DEFAULT NULL COMMENT '应用编码',
  `REQUEST_NO` varchar(50) DEFAULT NULL COMMENT '请求流水号',
  PRIMARY KEY (`ID`)
) ENGINE=InnoDB DEFAULT CHARSET=utf8 COMMENT='存管用户绑定银行卡信息';



# Dump of table project
# ------------------------------------------------------------

DROP TABLE IF EXISTS `project`;

CREATE TABLE `project` (
  `ID` bigint(20) NOT NULL COMMENT '主键',
  `USER_NO` varchar(50) DEFAULT NULL COMMENT '发标人用户编码',
  `PROJECT_NO` varchar(50) DEFAULT NULL COMMENT '标的编码',
  `NAME` varchar(50) DEFAULT NULL COMMENT '标的名称',
  `DESCRIPTION` longtext COMMENT '标的描述',
  `TYPE` varchar(50) DEFAULT NULL COMMENT '标的类型',
  `PERIOD` int(11) DEFAULT NULL COMMENT '标的期限(单位:天)',
  `BORROWER_ANNUAL_RATE` decimal(10,2) DEFAULT NULL COMMENT '年化利率(借款人视图)',
  `REPAYMENT_WAY` varchar(50) DEFAULT NULL COMMENT '还款方式',
  `AMOUNT` decimal(10,2) DEFAULT NULL COMMENT '募集金额',
  `PROJECT_STATUS` varchar(50) DEFAULT NULL COMMENT '标的状态',
  `CREATE_DATE` datetime DEFAULT NULL COMMENT '创建时间',
  `MODIFY_DATE` datetime DEFAULT NULL COMMENT '修改时间',
  `IS_ASSIGNMENT` tinyint(4) DEFAULT NULL COMMENT '是否是债权出让标',
  `REQUEST_NO` varchar(50) CHARACTER SET utf8 COLLATE utf8_general_ci DEFAULT NULL COMMENT '请求流水号',
  PRIMARY KEY (`ID`)
) ENGINE=InnoDB DEFAULT CHARSET=utf8 COMMENT='标的信息表';



# Dump of table recharge_details
# ------------------------------------------------------------

DROP TABLE IF EXISTS `recharge_details`;

CREATE TABLE `recharge_details` (
  `ID` bigint(20) NOT NULL AUTO_INCREMENT COMMENT '主键',
  `REQUEST_NO` varchar(50) DEFAULT NULL COMMENT '请求流水号',
  `USER_NO` varchar(50) DEFAULT NULL COMMENT '用户编码,生成唯一,用户在存管系统标识',
  `AMOUNT` decimal(10,2) DEFAULT NULL COMMENT '金额',
  `CREATE_DATE` datetime DEFAULT NULL COMMENT '触发时间',
  `STATUS` tinyint(4) DEFAULT NULL COMMENT '执行结果',
  `FINISH_DATE` datetime DEFAULT NULL COMMENT '执行返回时间',
  `APP_CODE` varchar(50) DEFAULT NULL COMMENT '应用编码',
  PRIMARY KEY (`ID`)
) ENGINE=InnoDB DEFAULT CHARSET=utf8 COMMENT='充值记录表';



# Dump of table request_details
# ------------------------------------------------------------

DROP TABLE IF EXISTS `request_details`;

CREATE TABLE `request_details` (
  `ID` bigint(20) NOT NULL AUTO_INCREMENT,
  `APP_CODE` varchar(50) DEFAULT NULL COMMENT '应用编码',
  `REQUEST_NO` varchar(50) DEFAULT NULL,
  `SERVICE_NAME` varchar(50) DEFAULT NULL COMMENT '请求类型:1.用户信息、2.绑卡信息',
  `REQUEST_DATA` text CHARACTER SET utf8 COLLATE utf8_general_ci,
  `RESPONSE_DATA` text,
  `STATUS` tinyint(4) DEFAULT NULL COMMENT '执行结果',
  `CREATE_DATE` datetime DEFAULT NULL COMMENT '请求时间',
  `FINISH_DATE` datetime DEFAULT NULL COMMENT '执行返回时间',
  PRIMARY KEY (`ID`)
) ENGINE=InnoDB DEFAULT CHARSET=utf8 COMMENT='存管系统请求信息表';



# Dump of table tender
# ------------------------------------------------------------

DROP TABLE IF EXISTS `tender`;

CREATE TABLE `tender` (
  `ID` bigint(20) NOT NULL AUTO_INCREMENT COMMENT '主键',
  `USER_NO` varchar(50) DEFAULT NULL COMMENT '投标人用户编码',
  `PROJECT_NO` varchar(50) DEFAULT NULL COMMENT '标的编码',
  `AMOUNT` decimal(10,2) DEFAULT NULL COMMENT '投标冻结金额',
  `TENDER_STATUS` varchar(50) DEFAULT NULL COMMENT '投标状态',
  `CREATE_DATE` datetime DEFAULT NULL COMMENT '创建时间',
  `MODIFY_DATE` datetime DEFAULT NULL COMMENT '修改时间',
  `REQUEST_NO` varchar(50) DEFAULT NULL COMMENT '投标/债权转让 请求流水号',
  `REMARK` varchar(50) CHARACTER SET utf8 COLLATE utf8_general_ci DEFAULT NULL COMMENT '备注',
  PRIMARY KEY (`ID`)
) ENGINE=InnoDB DEFAULT CHARSET=utf8 COMMENT='投标信息表';



# Dump of table user
# ------------------------------------------------------------

DROP TABLE IF EXISTS `user`;

CREATE TABLE `user` (
  `ID` bigint(20) NOT NULL AUTO_INCREMENT COMMENT '主键',
  `USER_NO` varchar(50) DEFAULT NULL COMMENT '用户编码,生成唯一,用户在存管系统标识',
  `FULLNAME` varchar(50) NOT NULL COMMENT '真实姓名',
  `ID_NUMBER` varchar(50) DEFAULT NULL COMMENT '身份证号',
  `PASSWORD` varchar(50) DEFAULT NULL COMMENT '存管支付密码',
  `MOBILE` varchar(50) DEFAULT NULL COMMENT '存管预留手机号',
  `USER_TYPE` tinyint(4) DEFAULT NULL COMMENT '用户类型,个人or企业，预留',
  `ROLE` varchar(50) DEFAULT NULL COMMENT '用户角色',
  `AUTH_LIST` varchar(50) DEFAULT NULL COMMENT '授权列表',
  `IS_BIND_CARD` tinyint(4) DEFAULT NULL COMMENT '是否已绑定银行卡',
  `APP_CODE` varchar(50) DEFAULT NULL COMMENT '应用编码',
  `REQUEST_NO` varchar(50) DEFAULT NULL COMMENT '请求流水号',
  `CREATE_DATE` datetime DEFAULT NULL COMMENT '产生时间',
  PRIMARY KEY (`ID`)
) ENGINE=InnoDB DEFAULT CHARSET=utf8 COMMENT='存管用户信息表';



# Dump of table withdraw_details
# ------------------------------------------------------------

DROP TABLE IF EXISTS `withdraw_details`;

CREATE TABLE `withdraw_details` (
  `ID` bigint(20) NOT NULL AUTO_INCREMENT COMMENT '主键',
  `REQUEST_NO` varchar(50) DEFAULT NULL COMMENT '请求流水号',
  `USER_NO` varchar(50) DEFAULT NULL COMMENT '用户编码,生成唯一,用户在存管系统标识',
  `AMOUNT` decimal(10,2) DEFAULT NULL COMMENT '金额',
  `COMMISSION` decimal(10,2) DEFAULT NULL COMMENT '平台佣金',
  `CREATE_DATE` datetime DEFAULT NULL COMMENT '触发时间',
  `STATUS` tinyint(4) DEFAULT NULL COMMENT '执行结果',
  `FINISH_DATE` datetime DEFAULT NULL COMMENT '执行返回时间',
  `APP_CODE` varchar(50) DEFAULT NULL COMMENT '应用编码',
  PRIMARY KEY (`ID`)
) ENGINE=InnoDB DEFAULT CHARSET=utf8 COMMENT='用户余额明细表';

Use p2p_bank_depository;


# Dump of table bank_card
# ------------------------------------------------------------

LOCK TABLES `bank_card` WRITE;
/*!40000 ALTER TABLE `bank_card` DISABLE KEYS */;

INSERT INTO `bank_card` (`ID`, `USER_ID`, `BANK_CODE`, `BANK_NAME`, `CARD_NUMBER`, `PASSWORD`)
VALUES
  (1,1,'BOC','中国银行','6212536639551234','123456'),
  (2,1,'ICBC','中国工商银行','6212536639551222','123456'),
  (4,2,'ICBC','中国工商银行','6212536639551266','123456'),
  (5,3,'BOC','中国银行','6222604000557643','123456'),
  (6,4,'CITIC','中信银行','6226904300378351','888888'),
  (7,5,'PAB','平安银行','6221559859777125','888888'),
  (8,6,'BOC','中国银行','6227527705975080','888888'),
  (9,7,'CITIC','中信银行','6226906647915613','888888'),
  (10,8,'ICBC','中国工商银行','6222007119233017','888888'),
  (11,9,'BOC','中国银行','6227526996113369','888888'),
  (12,10,'CCB','中国建设银行','6222807369319808','888888'),
  (13,11,'BCOM','交通银行','6222607246200159','888888'),
  (14,12,'CITIC','中信银行','6226907615559094','888888'),
  (15,13,'CITIC','中信银行','6226907480896985','888888'),
  (16,14,'CEB','中国光大银行','6226505880341550','888888'),
  (17,15,'CITIC','中信银行','6226905757221903','888888'),
  (18,16,'CMBC','中国民生银行','6226026126580851','888888'),
  (19,17,'CEB','中国光大银行','6226556009232436','888888'),
  (20,18,'BOC','中国银行','6227526378591380','888888'),
  (21,19,'CCB','中国建设银行','6222806224691823','888888'),
  (22,20,'CGB','广东发展银行','6225686594050769','888888'),
  (23,21,'BCOM','交通银行','6222606561347116','888888'),
  (24,22,'CITIC','中信银行','6226906438227467','888888'),
  (25,23,'PAB','平安银行','6221564806892126','888888'),
  (26,24,'CITIC','中信银行','6226904770340980','888888'),
  (27,25,'ICBC','中国工商银行','6222305066597636','888888'),
  (28,26,'CGB','广东发展银行','6225685014656536','888888'),
  (29,27,'CGB','广东发展银行','6225685353235561','888888'),
  (30,28,'CMBC','中国民生银行','6226035260895827','888888'),
  (31,29,'CMB','招商银行','6225785630254771','888888'),
  (32,30,'BCOM','交通银行','6222605476355214','888888'),
  (33,31,'CEB','中国光大银行','6226507658662936','888888'),
  (34,32,'HXB','华夏银行','6226377539390770','888888'),
  (35,33,'CMBC','中国民生银行','6226027902978483','888888'),
  (36,34,'ICBC','中国工商银行','6222307877969806','888888'),
  (37,35,'HXB','华夏银行','6226367724070246','888888'),
  (38,36,'CCB','中国建设银行','6222808093429194','888888'),
  (39,37,'HXB','华夏银行','6226367970309546','888888'),
  (40,38,'PAB','平安银行','6221558430084472','888888'),
  (41,39,'BCOM','交通银行','6222608266566198','888888'),
  (42,40,'PAB','平安银行','6221556666010773','888888'),
  (43,41,'CCB','中国建设银行','6222806542891121','888888'),
  (44,42,'CEB','中国光大银行','6226586512111215','888888'),
  (45,43,'BCOM','交通银行','6222606854537738','888888'),
  (46,44,'ICBC','中国工商银行','6222356731418088','888888'),
  (47,45,'CMBC','中国民生银行','6226027089234569','888888'),
  (48,46,'CCB','中国建设银行','6222807056530907','888888'),
  (49,47,'BOC','中国银行','6227527395109933','888888'),
  (50,48,'CMBC','中国民生银行','6226037364330024','888888'),
  (51,49,'CGB','广东发展银行','6225687216201707','888888'),
  (52,50,'CCB','中国建设银行','6222805707986015','888888'),
  (53,51,'CMBC','中国民生银行','6226015554086457','888888'),
  (54,52,'CMB','招商银行','6225815523306535','888888'),
  (55,53,'ICBC','中国工商银行','6222355861885579','888888'),
  (56,54,'BOC','中国银行','6227525831105655','888888'),
  (57,55,'PAB','平安银行','6221566169684693','888888'),
  (58,56,'CMB','招商银行','6225786138904776','888888'),
  (59,57,'CEB','中国光大银行','6226586015785135','888888'),
  (60,58,'CMB','招商银行','6282626354364166','888888'),
  (61,59,'CEB','中国光大银行','6226556323584256','888888'),
  (62,60,'CITIC','中信银行','6226904690325178','888888'),
  (63,61,'HXB','华夏银行','6226374649926536','888888'),
  (64,62,'PAB','平安银行','6221554494103233','888888'),
  (65,63,'HXB','华夏银行','6226374869233407','888888'),
  (66,64,'CEB','中国光大银行','6226584836529758','888888'),
  (67,65,'ICBC','中国工商银行','6222355175108783','888888'),
  (68,66,'CGB','广东发展银行','6225685076997810','888888'),
  (69,67,'CEB','中国光大银行','6226554990429319','888888'),
  (70,68,'CMB','招商银行','6225785384796936','888888'),
  (71,69,'PAB','平安银行','6221565352093274','888888'),
  (72,70,'BCOM','交通银行','6222600115960201','888888'),
  (73,71,'HXB','华夏银行','6226360085180290','888888'),
  (74,72,'BOC','中国银行','6227526588164952','888888'),
  (75,73,'PAB','平安银行','6221560391055665','888888'),
  (76,74,'CITIC','中信银行','6226900237156100','888888'),
  (77,75,'CEB','中国光大银行','6226550612286285','888888'),
  (78,76,'HXB','华夏银行','6226360581506378','888888'),
  (79,77,'PAB','平安银行','6221560456462988','888888'),
  (80,78,'BOC','中国银行','6227520785423295','888888'),
  (81,79,'PAB','平安银行','6221550752719637','888888'),
  (82,80,'BCOM','交通银行','6222600751838612','888888'),
  (83,81,'CITIC','中信银行','6226907291258771','888888'),
  (84,82,'BOC','中国银行','6227528513523088','888888'),
  (85,83,'CEB','中国光大银行','6226586321566641','888888'),
  (86,84,'BCOM','交通银行','6222600211562315','888888'),
  (87,85,'ICBC','中国工商银行','6222102608414622','888888'),
  (88,86,'ICBC','中国工商银行','6222157291359930','888888'),
  (89,87,'CMB','招商银行','6283625781290340','888888'),
  (90,88,'CGB','广东发展银行','6225689747014542','888888'),
  (91,89,'CCB','中国建设银行','6222804811598212','888888'),
  (92,90,'CCB','中国建设银行','6222806033862524','888888'),
  (93,91,'CMBC','中国民生银行','6226039645891006','888888'),
  (94,92,'PAB','平安银行','6221559482372724','888888'),
  (95,93,'CEB','中国光大银行','6226589449669065','888888'),
  (96,94,'BCOM','交通银行','6222609788248091','888888'),
  (97,95,'CEB','中国光大银行','6226509757468181','888888'),
  (98,96,'HXB','华夏银行','6226373785801602','888888'),
  (99,97,'CMBC','中国民生银行','6226006102644657','888888'),
  (100,98,'CGB','广东发展银行','6225689915215236','888888'),
  (101,99,'CMB','招商银行','6282624149234273','888888'),
  (102,100,'ICBC','中国工商银行','6222353006961124','888888'),
  (103,101,'CMBC','中国民生银行','6226018641696379','888888'),
  (104,102,'PAB','平安银行','6221568610916468','888888'),
  (105,103,'ICBC','中国工商银行','6222308451245662','888888'),
  (106,104,'CMB','招商银行','6282628912944349','888888'),
  (107,105,'BCOM','交通银行','6222608789824702','888888');

/*!40000 ALTER TABLE `bank_card` ENABLE KEYS */;
UNLOCK TABLES;


# Dump of table bank_card_details
# ------------------------------------------------------------

LOCK TABLES `bank_card_details` WRITE;
/*!40000 ALTER TABLE `bank_card_details` DISABLE KEYS */;

INSERT INTO `bank_card_details` (`ID`, `BANK_CARD_ID`, `CHANGE_TYPE`, `MONEY`, `BALANCE`, `CREATE_DATE`)
VALUES
  (1,1,1,5000.00,5000.00,'2019-05-18 19:41:12'),
  (3,3,1,5000.00,5000.00,'2019-05-18 20:11:51'),
  (4,4,1,5000.00,5000.00,'2019-05-22 09:25:02'),
  (5,5,1,5000.00,5000.00,'2019-05-27 16:58:42'),
  (6,5,0,600.00,4400.00,'2019-05-27 21:37:08'),
  (7,5,0,500.00,3900.00,'2019-05-27 21:41:47'),
  (8,5,0,500.00,3400.00,'2019-05-27 21:45:36'),
  (9,5,0,200.00,3200.00,'2019-05-27 22:15:57'),
  (10,5,0,200.00,3000.00,'2019-05-27 22:16:53'),
  (11,5,0,2000.00,1000.00,'2019-05-27 22:17:18'),
  (16,5,0,120.00,880.00,'2019-05-29 23:51:23'),
  (17,5,0,120.00,760.00,'2019-05-29 23:53:17'),
  (18,5,0,120.00,640.00,'2019-05-29 23:55:51'),
  (19,5,0,120.00,520.00,'2019-05-29 23:56:48'),
  (20,5,0,120.00,400.00,'2019-05-29 23:57:44'),
  (21,5,0,3.00,397.00,'2019-06-02 14:52:11'),
  (22,5,0,3.00,394.00,'2019-06-03 15:07:27'),
  (23,5,0,3.00,391.00,'2019-06-03 18:03:19'),
  (24,6,1,100000.00,100000.00,'2019-06-04 20:33:51'),
  (25,7,1,100000.00,100000.00,'2019-06-04 20:33:53'),
  (26,5,0,600.00,-209.00,'2019-06-05 18:33:48'),
  (27,5,0,600.00,-809.00,'2019-06-05 19:05:05'),
  (28,5,0,600.00,-1409.00,'2019-06-05 19:30:01'),
  (29,5,0,600.00,-2009.00,'2019-06-05 19:40:46'),
  (30,5,0,600.00,-2609.00,'2019-06-05 19:42:04'),
  (32,5,0,600.00,-3209.00,'2019-06-05 20:04:32'),
  (33,5,0,600.00,-3809.00,'2019-06-05 20:04:56'),
  (34,5,0,600.00,-4409.00,'2019-06-05 20:07:54'),
  (35,5,0,600.00,-5009.00,'2019-06-05 20:09:30'),
  (36,5,0,600.00,-5609.00,'2019-06-05 20:16:24'),
  (37,5,0,600.00,-6209.00,'2019-06-05 23:14:58'),
  (39,7,0,1234.00,98766.00,'2019-06-11 09:11:57'),
  (40,7,0,67.00,98699.00,'2019-06-11 09:34:33'),
  (41,7,0,67.00,98632.00,'2019-06-11 09:36:07'),
  (42,7,0,11.34,98620.66,'2019-06-11 14:58:50'),
  (43,7,0,123.24,98497.42,'2019-06-12 10:41:17'),
  (44,8,1,100000.00,100000.00,'2019-06-12 10:47:09'),
  (45,9,1,100000.00,100000.00,'2019-06-12 10:47:09'),
  (46,10,1,100000.00,100000.00,'2019-06-12 10:47:09'),
  (47,11,1,100000.00,100000.00,'2019-06-12 10:47:09'),
  (48,12,1,100000.00,100000.00,'2019-06-12 10:47:09'),
  (49,13,1,100000.00,100000.00,'2019-06-12 10:47:09'),
  (50,14,1,100000.00,100000.00,'2019-06-12 10:47:09'),
  (51,15,1,100000.00,100000.00,'2019-06-12 10:47:09'),
  (52,16,1,100000.00,100000.00,'2019-06-12 10:47:09'),
  (53,17,1,100000.00,100000.00,'2019-06-12 10:47:09'),
  (54,18,1,100000.00,100000.00,'2019-06-12 10:47:09'),
  (55,19,1,100000.00,100000.00,'2019-06-12 10:47:09'),
  (56,20,1,100000.00,100000.00,'2019-06-12 10:47:09'),
  (57,21,1,100000.00,100000.00,'2019-06-12 10:47:09'),
  (58,22,1,100000.00,100000.00,'2019-06-12 10:47:09'),
  (59,23,1,100000.00,100000.00,'2019-06-12 10:47:10'),
  (60,24,1,100000.00,100000.00,'2019-06-12 10:47:10'),
  (61,25,1,100000.00,100000.00,'2019-06-12 10:47:10'),
  (62,26,1,100000.00,100000.00,'2019-06-12 10:47:10'),
  (63,27,1,100000.00,100000.00,'2019-06-12 10:47:10'),
  (64,28,1,100000.00,100000.00,'2019-06-12 10:47:10'),
  (65,29,1,100000.00,100000.00,'2019-06-12 10:47:10'),
  (66,30,1,100000.00,100000.00,'2019-06-12 10:47:10'),
  (67,31,1,100000.00,100000.00,'2019-06-12 10:47:10'),
  (68,32,1,100000.00,100000.00,'2019-06-12 10:47:10'),
  (69,33,1,100000.00,100000.00,'2019-06-12 10:47:10'),
  (70,34,1,100000.00,100000.00,'2019-06-12 10:47:10'),
  (71,35,1,100000.00,100000.00,'2019-06-12 10:47:10'),
  (72,36,1,100000.00,100000.00,'2019-06-12 10:47:10'),
  (73,37,1,100000.00,100000.00,'2019-06-12 10:47:10'),
  (74,38,1,100000.00,100000.00,'2019-06-12 10:47:10'),
  (75,39,1,100000.00,100000.00,'2019-06-12 10:47:10'),
  (76,40,1,100000.00,100000.00,'2019-06-12 10:47:10'),
  (77,41,1,100000.00,100000.00,'2019-06-12 10:47:11'),
  (78,42,1,100000.00,100000.00,'2019-06-12 10:47:11'),
  (79,43,1,100000.00,100000.00,'2019-06-12 10:47:11'),
  (80,44,1,100000.00,100000.00,'2019-06-12 10:47:11'),
  (81,45,1,100000.00,100000.00,'2019-06-12 10:47:11'),
  (82,46,1,100000.00,100000.00,'2019-06-12 10:47:11'),
  (83,47,1,100000.00,100000.00,'2019-06-12 10:47:11'),
  (84,48,1,100000.00,100000.00,'2019-06-12 10:47:11'),
  (85,49,1,100000.00,100000.00,'2019-06-12 10:47:11'),
  (86,50,1,100000.00,100000.00,'2019-06-12 10:47:11'),
  (87,51,1,100000.00,100000.00,'2019-06-12 10:47:11'),
  (88,52,1,100000.00,100000.00,'2019-06-12 10:47:11'),
  (89,53,1,100000.00,100000.00,'2019-06-12 10:47:11'),
  (90,54,1,100000.00,100000.00,'2019-06-12 10:47:11'),
  (91,55,1,100000.00,100000.00,'2019-06-12 10:47:11'),
  (92,56,1,100000.00,100000.00,'2019-06-12 10:47:11'),
  (93,57,1,100000.00,100000.00,'2019-06-12 10:47:11'),
  (94,58,1,100000.00,100000.00,'2019-06-12 10:47:11'),
  (95,59,1,100000.00,100000.00,'2019-06-12 10:47:11'),
  (96,60,1,100000.00,100000.00,'2019-06-12 10:47:12'),
  (97,61,1,100000.00,100000.00,'2019-06-12 10:47:12'),
  (98,62,1,100000.00,100000.00,'2019-06-12 10:47:12'),
  (99,63,1,100000.00,100000.00,'2019-06-12 10:47:12'),
  (100,64,1,100000.00,100000.00,'2019-06-12 10:47:12'),
  (101,65,1,100000.00,100000.00,'2019-06-12 10:47:12'),
  (102,66,1,100000.00,100000.00,'2019-06-12 10:47:12'),
  (103,67,1,100000.00,100000.00,'2019-06-12 10:47:12'),
  (104,68,1,100000.00,100000.00,'2019-06-12 10:47:12'),
  (105,69,1,100000.00,100000.00,'2019-06-12 10:47:12'),
  (106,70,1,100000.00,100000.00,'2019-06-12 10:47:12'),
  (107,71,1,100000.00,100000.00,'2019-06-12 10:47:12'),
  (108,72,1,100000.00,100000.00,'2019-06-12 10:47:12'),
  (109,73,1,100000.00,100000.00,'2019-06-12 10:47:12'),
  (110,74,1,100000.00,100000.00,'2019-06-12 10:47:12'),
  (111,75,1,100000.00,100000.00,'2019-06-12 10:47:12'),
  (112,76,1,100000.00,100000.00,'2019-06-12 10:47:12'),
  (113,77,1,100000.00,100000.00,'2019-06-12 10:47:12'),
  (114,78,1,100000.00,100000.00,'2019-06-12 10:47:12'),
  (115,79,1,100000.00,100000.00,'2019-06-12 10:47:13'),
  (116,80,1,100000.00,100000.00,'2019-06-12 10:47:13'),
  (117,81,1,100000.00,100000.00,'2019-06-12 10:47:13'),
  (118,82,1,100000.00,100000.00,'2019-06-12 10:47:13'),
  (119,83,1,100000.00,100000.00,'2019-06-12 10:47:13'),
  (120,84,1,100000.00,100000.00,'2019-06-12 10:47:13'),
  (121,85,1,100000.00,100000.00,'2019-06-12 10:47:13'),
  (122,86,1,100000.00,100000.00,'2019-06-12 10:47:13'),
  (123,87,1,100000.00,100000.00,'2019-06-12 10:47:13'),
  (124,88,1,100000.00,100000.00,'2019-06-12 10:47:13'),
  (125,89,1,100000.00,100000.00,'2019-06-12 10:47:13'),
  (126,90,1,100000.00,100000.00,'2019-06-12 10:47:13'),
  (127,91,1,100000.00,100000.00,'2019-06-12 10:47:13'),
  (128,92,1,100000.00,100000.00,'2019-06-12 10:47:13'),
  (129,93,1,100000.00,100000.00,'2019-06-12 10:47:13'),
  (130,94,1,100000.00,100000.00,'2019-06-12 10:47:13'),
  (131,95,1,100000.00,100000.00,'2019-06-12 10:47:13'),
  (132,96,1,100000.00,100000.00,'2019-06-12 10:47:13'),
  (133,97,1,100000.00,100000.00,'2019-06-12 10:47:13'),
  (134,98,1,100000.00,100000.00,'2019-06-12 10:47:13'),
  (135,99,1,100000.00,100000.00,'2019-06-12 10:47:13'),
  (136,100,1,100000.00,100000.00,'2019-06-12 10:47:14'),
  (137,101,1,100000.00,100000.00,'2019-06-12 10:47:14'),
  (138,102,1,100000.00,100000.00,'2019-06-12 10:47:14'),
  (139,103,1,100000.00,100000.00,'2019-06-12 10:47:14'),
  (140,104,1,100000.00,100000.00,'2019-06-12 10:47:14'),
  (141,105,1,100000.00,100000.00,'2019-06-12 10:47:14'),
  (142,106,1,100000.00,100000.00,'2019-06-12 10:47:14'),
  (143,107,1,100000.00,100000.00,'2019-06-12 10:47:14'),
  (144,8,0,2342.00,97658.00,'2019-06-12 10:51:44'),
  (145,7,0,234.00,98263.42,'2019-06-13 14:11:43'),
  (146,7,0,6.00,98257.42,'2019-06-13 14:39:37'),
  (147,7,0,1.30,98256.12,'2019-06-13 14:51:12'),
  (148,7,0,3.00,98253.12,'2019-06-13 14:53:20'),
  (149,7,0,111.00,98142.12,'2019-06-13 15:40:53'),
  (150,9,0,9000.00,91000.00,'2019-06-13 15:51:34'),
  (151,10,0,10000.00,90000.00,'2019-06-13 18:59:49'),
  (152,9,0,500.00,90500.00,'2019-06-25 17:27:25'),
  (153,9,0,100000.00,-9500.00,'2019-06-25 17:44:23'),
  (154,10,1,2.00,90002.00,'2019-06-25 18:47:46'),
  (155,46,0,900.00,99100.00,'2019-06-25 18:53:02');

/*!40000 ALTER TABLE `bank_card_details` ENABLE KEYS */;
UNLOCK TABLES;


# Dump of table bank_user
# ------------------------------------------------------------

LOCK TABLES `bank_user` WRITE;
/*!40000 ALTER TABLE `bank_user` DISABLE KEYS */;

INSERT INTO `bank_user` (`ID`, `FULLNAME`, `ID_NUMBER`, `MOBILE`, `USER_TYPE`)
VALUES
  (1,'张三','320926195511175276','13092615276',1),
  (2,'yuan','320926195511175276','13092615276',1),
  (3,'郭莱','642726199405260470','15622232425',1),
  (4,'潘策撒','611455198908296533','17650450084',1),
  (5,'赵僧','658182198109222913','15315176089',1),
  (6,'林杖','816196198106065728','15128031471',1),
  (7,'牛吹砌','148092199809165085','13295675266',1),
  (8,'左丘娜沸','332846198810110031','13480005174',1),
  (9,'周介埂','235501199505245006','15167083353',1),
  (10,'冯盖','319554197403051304','15659769565',1),
  (11,'钟昌','650824199609136300','13085212631',1),
  (12,'薛胯','218711198811078208','13432815625',1),
  (13,'程如菌','213187198702235665','14551043378',1),
  (14,'阎枯型','826407198208290571','13936615370',1),
  (15,'尹哑','121437197412088219','13202869208',1),
  (16,'孟胶','36804419980508291X','13169359398',1),
  (17,'武嚷','334283198904205200','13578704763',1),
  (18,'马撕','50901719910520892X','18097823533',1),
  (19,'宇文汐寒','50987619720304496X','17732046093',1),
  (20,'常菇苏','71474019710529321X','15631316766',1),
  (21,'尹硫','528714199712312704','18950478792',1),
  (22,'闾丘题','367705198507156667','15356687324',1),
  (23,'石识魏','46274819820812420X','15765244066',1),
  (24,'范禁亦','527314197903138989','15031762830',1),
  (25,'严淘篡','469004199905082988','13811707902',1),
  (26,'独孤隙虎','337060199112098752','13127723763',1),
  (27,'石狞','158406197710149419','13218290514',1),
  (28,'许戊','654857198703205663','15537193965',1),
  (29,'吕腻','416650199711117598','17898252417',1),
  (30,'杜荐','458401199511153878','13422049014',1),
  (31,'许暇','647521198507166220','13729380145',1),
  (32,'杨琼泅','376510199302116931','13138011983',1),
  (33,'钱姥武','159439197106113151','14559556409',1),
  (34,'夏闻舌','500024197608278889','17877491145',1),
  (35,'钟砰','232246199602135312','18731662755',1),
  (36,'傅癣','504291199009096761','13716696634',1),
  (37,'韦守','369855197106111747','18072432532',1),
  (38,'雷等','439940197209134633','15731962718',1),
  (39,'欧阳所','544573198010317492','18858624665',1),
  (40,'左丘辊','510601197605202029','18543535768',1),
  (41,'江同创','457717197101036385','18045149329',1),
  (42,'薛惰','520747198707120295','13994625627',1),
  (43,'邓鞋舀','714650197608218972','13002504407',1),
  (44,'廖巡','326853198706250072','18578711677',1),
  (45,'诸葛概闷','450282198711121219','13464523389',1),
  (46,'陆品帜','612505197910033044','18092319919',1),
  (47,'毛品','538233197010303445','13772767628',1),
  (48,'金斧任','154848198802261543','13229743534',1),
  (49,'唐温狙','537375199207212923','18248837023',1),
  (50,'康习','312117197804280183','13516199632',1),
  (51,'石挚','22568319780519043X','15235995604',1),
  (52,'牛化','154361199307171581','18681304182',1),
  (53,'范辞盔','415681198907294392','15816319885',1),
  (54,'钱兵','624071199308129579','18311427244',1),
  (55,'许周稳','148543198712057374','15950686330',1),
  (56,'彭染','540171198509094525','18970633692',1),
  (57,'龙听','34785819851201633X','13060395551',1),
  (58,'郝樟','465426199905315311','18070443166',1),
  (59,'谭窗','370258200001170809','13272401797',1),
  (60,'姜较','234391198110184868','15710736930',1),
  (61,'沈非','425248198401255111','17642307399',1),
  (62,'郝延心','14902019740324578X','17610872493',1),
  (63,'石榴','126159198506070264','18388804269',1),
  (64,'皇甫彬','915389198507292374','13836359142',1),
  (65,'武傅冀','234344199401173317','18643726376',1),
  (66,'尉迟膀治','113066198610311826','17833832630',1),
  (67,'邓奠','430051198607133413','17807806019',1),
  (68,'皇甫枫杂','640682198608222158','17607148194',1),
  (69,'彭晴村','151491197310218274','17848061066',1),
  (70,'段源','919414199508196686','13726121662',1),
  (71,'陆抹','320547199405303703','17853089464',1),
  (72,'龙遣','212600199207104216','18171973193',1),
  (73,'赵桨痞','817300199108148504','18112607223',1),
  (74,'谭伟','414730199908315940','13773053021',1),
  (75,'武凄','135774198901303790','13426667200',1),
  (76,'邓例赛','442440198906299268','18731158532',1),
  (77,'谢强','336288199003016099','18899035497',1),
  (78,'万厘','527727199612216206','18672041039',1),
  (79,'慕容懈节','531383199801272907','17746742300',1),
  (80,'轩辕翅模','535041197904143678','15986086675',1),
  (81,'司马区抑','464734198212289289','15513960357',1),
  (82,'马泊','451047198002125314','13963169566',1),
  (83,'汪现','532365199312154596','13199615739',1),
  (84,'王哺吭','422261199310307839','15775780552',1),
  (85,'黄探','373578198406084321','18080448816',1),
  (86,'夏维','238898197512282250','15892800244',1),
  (87,'东方瘸拂','312719199003290984','14741800195',1),
  (88,'阎挛丽','420429199910277513','15774826918',1),
  (89,'冯禄','228752198104261707','13592371428',1),
  (90,'高蒙','506128198212123881','15896603012',1),
  (91,'汪咽硬','128440198405115257','18544231416',1),
  (92,'公孙根噬','52353019900722384X','13594492319',1),
  (93,'轩辕播','53859319851005151X','13011561767',1),
  (94,'龙妓','462174199508187135','18072185374',1),
  (95,'薛壤','514456199504287155','13056539391',1),
  (96,'董照','335062198108052037','13456380275',1),
  (97,'谭噶','46542819840414775X','18528387776',1),
  (98,'梁独箔','12012019960506893X','15767342811',1),
  (99,'龚谁恩','453097197002241762','18568299912',1),
  (100,'钱毖','45461919910812973X','13679828012',1),
  (101,'赖扣','110504197209199074','18724139599',1),
  (102,'戴细','212647197302160095','13398169318',1),
  (103,'汪池','658657198107112527','18628831440',1),
  (104,'朱刹产','540341197410169767','13128012990',1),
  (105,'高殖','717387198402174680','14505793631',1);

/*!40000 ALTER TABLE `bank_user` ENABLE KEYS */;
UNLOCK TABLES;



/*!40111 SET SQL_NOTES=@OLD_SQL_NOTES */;
/*!40101 SET SQL_MODE=@OLD_SQL_MODE */;
/*!40014 SET FOREIGN_KEY_CHECKS=@OLD_FOREIGN_KEY_CHECKS */;
/*!40101 SET CHARACTER_SET_CLIENT=@OLD_CHARACTER_SET_CLIENT */;
/*!40101 SET CHARACTER_SET_RESULTS=@OLD_CHARACTER_SET_RESULTS */;
/*!40101 SET COLLATION_CONNECTION=@OLD_COLLATION_CONNECTION */;

