{
    "pages": [ //pages数组中第一项表示应用启动页,
        {
            "path": "pages/main/main",
            "style": {
                "navigationBarTitleText": "首页"
            }
        },
		{
            "path": "pages/pwd/pwd",
            "style": {
                "navigationBarTitleText": "找回密码"
            }
        }, {
            "path": "pages/user/user",
            "style": {
                "navigationBarTitleText": "我的"
            }
        },{
            "path": "pages/user/login",
            "style": {
                "navigationBarTitleText": "登录"
            }
        }, {
            "path": "pages/user/reg",
            "style": {
                "navigationBarTitleText": "注册"
            }
        },{
            "path": "pages/lend/main",
            "style": {
                "navigationBarTitleText": "出借"
            }
        },{
            "path": "pages/lend/details",
            "style": {
                "navigationBarTitleText": "出借详情"
            }
        },{
            "path": "pages/borrow/main",
            "style": {
                "navigationBarTitleText": "借钱"
            }
        }
        ,{
            "path" : "pages/lend/openStorage",
            "style" : {
				"navigationBarTitleText": "开通存管"
			}
        }
		,{
            "path" : "pages/lend/confirmStorage",
            "style" : {
				"navigationBarTitleText": "确认开通存管"
			}
        }
        ,{
            "path" : "pages/common/success",
            "style" : {
				"navigationBarTitleText": "开户成功！"
			}
        },
		{
            "path" : "pages/lend/lendLog",
            "style" : {
				"navigationBarTitleText": "出借日志！"
			}
        },
		{
            "path" : "pages/lend/confirmLend",
            "style" : {
				"navigationBarTitleText": "确认出借！"
			}
        },
		{
            "path" : "pages/lend/lendSuccess",
            "style" : {
				"navigationBarTitleText": "出借成功！"
			}
        },
		{
            "path" : "pages/user/account",
            "style" : {
				"navigationBarTitleText": "账户余额！"
			}
        },
		{
            "path" : "pages/user/claims",
            "style" : {
				"navigationBarTitleText": "债权！"
			}
        },
		{
            "path" : "pages/user/progress",
            "style" : {
				"navigationBarTitleText": "收款进度！"
			}
        },
		{
            "path" : "pages/user/pay",
            "style" : {
				"navigationBarTitleText": "充值！"
			}
        },
		{
            "path" : "pages/user/withdrawal",
            "style" : {
				"navigationBarTitleText": "提现！"
			}
        },
		{
            "path" : "pages/user/confirmWithdrawal",
            "style" : {
				"navigationBarTitleText": "确认提现！"
			}
        },
		{
            "path" : "pages/user/lendLog",
            "style" : {
				"navigationBarTitleText": "我的出借记录！"
			}
        },
		{
            "path" : "pages/borrow/borrow",
            "style" : {
				"navigationBarTitleText": "借款首页！"
			}
        },
		{
            "path" : "pages/borrow/audit",
            "style" : {
				"navigationBarTitleText": "审核中！"
			}
        },
		{
            "path" : "pages/borrow/repayment",
            "style" : {
				"navigationBarTitleText": "还款！"
			}
        },
		{
            "path" : "pages/borrow/confirmRepay",
            "style" : {
				"navigationBarTitleText": "确认还款！"
			}
        },
		{
            "path" : "pages/borrow/log",
            "style" : {
				"navigationBarTitleText": "借还记录！"
			}
        },
		{
            "path" : "pages/borrow/loanDet",
            "style" : {
				"navigationBarTitleText": "还款详情！"
			}
        },
		{
            "path" : "pages/borrow/borrowPlan",
            "style" : {
				"navigationBarTitleText": "还款计划！"
			}
        },
		{
            "path" : "pages/borrow/borrowDet",
            "style" : {
				"navigationBarTitleText": "借款详情！"
			}
        }
        ,{
            "path" : "pages/user/myLendLog",
            "style" : {
				"navigationBarTitleText": "债权出借记录！"
			}
        },
		{
		"path" : "pages/user/identityAuth",
		"style" : {
			"navigationBarTitleText": "身份认证！"
		}
		}
    ],
    "tabBar": {
        "color": "#7a7e83",
        "selectedColor": "#0faeff",
        "backgroundColor": "#ffffff",
        "list": [{
            "pagePath": "pages/main/main",
            "text": "首页",
            "iconPath": "static/img/tabBar_bor.png",
            "selectedIconPath": "static/img/tabBar_bor_act.png"
        }, {
            "pagePath": "pages/lend/main",
            "text": "出借",
            "iconPath": "static/img/tabBar_lend.png",
            "selectedIconPath": "static/img/tabBar_lend_act.png"
        }, {
            "pagePath": "pages/borrow/borrow",
            "text": "借钱",
            "iconPath": "static/img/tabBar_bor.png",
            "selectedIconPath": "static/img/tabBar_bor_act.png"
        }, {
            "pagePath": "pages/user/user",
            "text": "我的",
            "iconPath": "static/img/tabBar_user.png",
            "selectedIconPath": "static/img/tabBar_user_act.png"
        }]
    },
    "globalStyle": {
		"navigationStyle":"custom",
        "navigationBarTextStyle": "white",
        "navigationBarBackgroundColor": "#0faeff",
        "backgroundColor": "#fbf9fe"
    }
}
